country,date,price_eur_m_whe,gwh,cp_meur_nsa_b1g,cp_meur_nsa_d1,cp_meur_nsa_d11,cp_meur_nsa_p6,cp_meur_nsa_p7,ths_hw_b_e_nsa_emp_dc,ths_hw_c_nsa_emp_dc,ths_hw_j_nsa_emp_dc,ths_hw_g_i_nsa_emp_dc,ths_hw_total_nsa_emp_dc,avg_nac_usd,imp_e7000_gwh,exp_e7000_gwh
Austria,2018 Q1,35.51244444,18039.52,82782.7,41729.4,34341.4,54564.4,47926.2,289369,265426,54474,495204,1793010,1.2292,7445.926,4737.904
Austria,2018 Q2,35.97846154,15321.24,85025.4,51218.7,42155.5,52136.4,50134.9,287411,263330,53275,478041,1839516,1.1915,4732.631,5121.24
Austria,2018 Q3,53.50836957,15393.62,85081.7,42128.7,34672.1,52731.8,51419.6,284135,260366,53210,483449,1765101,1.1629,7189.521,3671.768
Austria,2018 Q4,59.9125,17325.53,91377.1,50049.9,41210.3,54248.8,52639.5,290694,266580,56929,480868,1837258,1.1414,8708.058,5598.418
Austria,2019 Q1,45.00733333,17731.7,85679.9,43686.7,35987.6,57714,50948.8,293804,269580,58913,502792,1844865,1.1358,8117.793,6471.905
Austria,2019 Q2,36.76494505,15629.79,88025.4,53322.6,43974.6,53567.1,52410.9,289798,265732,56171,480913,1847807,1.1237,4620.402,6057.341
Austria,2019 Q3,38.60880435,15476.69,88282.3,43511.5,35893.8,54736.1,52093.8,285866,261459,56814,483941,1786491,1.1119,5776.733,5254.817
Austria,2019 Q4,39.92173913,17172.7,92947.2,52317.1,43172.7,55433.4,51586.2,293119,268484,60862,492941,1871345,1.1071,7531.919,5134.201
Austria,2020 Q1,31.51252747,17365.17,85083.6,44554.1,36743.5,54448.3,48521.6,286005,262393,55809,459726,1749832,1.1027,7789.199,5791.735
Austria,2020 Q2,20.75813187,14018.19,79614.7,52014.5,42906.7,41275.8,40863.6,251823,229571,51992,347701,1552414,1.1014,4856.806,5348.937
Austria,2020 Q3,37.86032609,15071.69,86924.4,43274.8,35706.1,49677.1,46334.1,274578,250430,52913,444064,1723670,1.1689,4727.75,5855.924
Austria,2020 Q4,42.29923913,17172.21,90371.4,52484.9,43318.7,51265.5,49508.6,282363,258250,55177,381672,1683263,1.1929,7148.737,5330.086
Bulgaria,2018 Q1,33.67577778,8690.78,9901,5658.8,4785.4,7849.6,8217,303670,263036,40399,379003,1393428,1.2292,840.1,1900.888
Bulgaria,2018 Q2,33.93956044,6404.16,11751.3,6050.3,5121.9,9016.9,8897.7,305551,266465,44238,398106,1516148,1.1915,440.286,2097.377
Bulgaria,2018 Q3,40.08684783,6914.86,13564.9,6231.4,5332.4,10835,9045.9,300369,262212,38509,389179,1477227,1.1629,417.821,3180.024
Bulgaria,2018 Q4,51.67086957,8368.71,13498.4,6723.6,5782.6,9235.8,9348.6,291090,253388,41583,371719,1404786,1.1414,524.598,2851.762
Bulgaria,2019 Q1,47.64888889,8783.46,11010.1,6156.1,5197.5,8788.6,8762,302150,261879,42048,386069,1396812,1.1358,733.345,2429.585
Bulgaria,2019 Q2,41.23824176,7149.64,13200.5,6666.4,5645.4,9483.9,9300.3,304346,265795,46703,405694,1518887,1.1237,998.822,2051.982
Bulgaria,2019 Q3,54.29956522,7199.06,14180.9,6736.1,5757.8,11443.4,9513.8,296390,258358,44389,390383,1480127,1.1119,496.158,2232.627
Bulgaria,2019 Q4,46.64923913,7940.14,14759.5,7218.8,6192,9640.9,9793.4,288886,250833,44562,366117,1417785,1.1071,816.623,2140.94
Bulgaria,2020 Q1,41.55956044,8865.15,11300.2,6630.4,5599.6,8867.1,8594.7,292860,252560,44770,372165,1380383,1.1027,1368.068,2021.857
Bulgaria,2020 Q2,26.19725275,6675.31,12525.6,6634.2,5629.9,7600.3,7042.9,264089,227882,47616,325442,1358089,1.1014,780.365,1725.36
Bulgaria,2020 Q3,40.0798913,6942.32,14478.8,6994.2,5968.5,9101.7,8493.9,283129,245495,46772,357757,1441746,1.1689,660.265,1985.906
Bulgaria,2020 Q4,49.21684783,8067.08,15166.6,7645.4,6554.2,9023.3,9252.8,271533,233681,47723,343249,1359229,1.1929,898.04,1381.722
Croatia,2018 Q1,42.42711111,4347.61,9725.3,5775.5,5003.7,4106.3,6217.8,152024,134488,29429,196738,744333,1.2292,3272.533,2766.876
Croatia,2018 Q2,42.67747253,3854.61,10974,6406.3,5582.1,6274.3,6741.2,156539,131946,28725,211904,766854,1.1915,3082.081,1810.535
Croatia,2018 Q3,58.78858696,4298.06,11957.4,6195.4,5370.5,10488.4,6768.5,139778,115314,20699,223050,729080,1.1629,3324.76,1217.585
Croatia,2018 Q4,63.82956522,4127.75,10835.1,5990.4,5180,5191,6790.7,152985,128469,24212,202866,739556,1.1414,3012.955,1497.957
Croatia,2019 Q1,52.97377778,4181.55,10341.5,5997,5212,4464.9,6837.2,172644,146453,33594,191701,778419,1.1358,3030.909,1457.756
Croatia,2019 Q2,42.4921978,3891.64,11536.3,6619.6,5776.6,6733.6,7410.7,153784,129238,30301,214072,776678,1.1237,2778.095,1232.735
Croatia,2019 Q3,54.75478261,4294.37,12621.9,6435.8,5596.2,11371.3,7153.2,159009,136243,21147,230759,787046,1.1119,3333.033,948.028
Croatia,2019 Q4,46.8901087,4074.31,11330.3,6141.4,5322.6,5602.1,6980.8,156362,133790,23326,215180,774292,1.1071,2257.63,1620.673
Croatia,2020 Q1,40.11527473,4164.71,10477.7,6043.3,5276.3,4385.5,6505.5,165756,135449,25451,201469,771367,1.1027,2637.48,1261.173
Croatia,2020 Q2,25.0443956,3358.43,9892.1,6228,5516.6,4023.4,5311.3,153236,129588,27069,203623,767541,1.1014,2419.641,1034.377
Croatia,2020 Q3,39.74173913,3993.72,11103.6,6281.4,5487.9,7546.9,6171.1,159356,136361,20254,231814,776412,1.1689,2968.998,1348.182
Croatia,2020 Q4,47.11608696,4084.8,10702,6224.7,5431.9,4965.9,6474.6,155313,132261,21765,220646,756970,1.1929,2463.906,2200.661
Czechia,2018 Q1,37.15833333,17584.6,44486,22450,17194.1,40211.7,35856.1,701328,646229,72815,586534,2465092,1.2292,3161.37,5417.378
Czechia,2018 Q2,36.77714286,14326.71,47850.9,23342.1,17884.8,41155,37263.6,703857,647271,73652,596804,2525823,1.1915,2280.813,5654.108
Czechia,2018 Q3,54.42423913,14004.26,48105.2,23101.3,17779.3,38475.8,36798.7,628172,576870,63925,561477,2277617,1.1629,2529.433,6490.294
Czechia,2018 Q4,55.45945652,16502.7,49643.4,24637.9,18961.7,42480.9,39854.3,663432,609710,72225,582093,2399202,1.1414,3601.795,7918.723
Czechia,2019 Q1,44.48511111,17262.83,47140.2,24081.2,18435.9,41399.7,37229.1,693566,638454,75390,595704,2501527,1.1358,3182.553,6586.468
Czechia,2019 Q2,36.59087912,14742.84,51077,25169.1,19278.9,42556.8,37981.5,688396,631901,75049,598541,2516512,1.1237,2291.065,5104.79
Czechia,2019 Q3,40.52478261,13970.09,51978,24786.4,19101.3,40441.2,37669.3,628273,573677,68922,569618,2311341,1.1119,2914.813,5476.239
Czechia,2019 Q4,39.37108696,16241.27,53666.2,26695.4,20569.6,42289.9,40301.4,637326,583363,74541,571973,2369396,1.1071,2637.782,6955.319
Czechia,2020 Q1,32.63318681,17041.73,48984.5,25323.6,19183.6,40016.5,36071.7,638340,583611,79215,555790,2353939,1.1027,4232.161,6267.064
Czechia,2020 Q2,21.19362637,13262.26,45247,23009.9,17178,31060.1,28975.2,585032,530391,74919,505079,2208107,1.1014,2824.31,4961.984
Czechia,2020 Q3,37.33206522,13637.7,50248.8,24308.7,18741.9,37403.1,33339.2,580658,526977,71662,554072,2234247,1.1689,2598.249,5406.294
Czechia,2020 Q4,43.10347826,16270.75,51967.8,26623,20113.5,42636.3,38129.2,598296,548972,73652,479885,2153414,1.1929,3713.331,6885.57
Denmark,2018 Q1,36.53744444,9238.84,62859.2,37876.6,34952.6,40019.4,36301.5,121474,111704,38804,237431,1003166,1.2292,3496.198,3792.806
Denmark,2018 Q2,39.43549451,7683.98,66118.9,40018.1,36982.3,42195.6,39288.5,121748,111842,39145,247050,1035184,1.1915,4030.289,1773.183
Denmark,2018 Q3,53.15695652,7565.5,65294.4,37634.3,34713.5,44118.2,37839.7,117470,107867,38972,250283,1007211,1.1629,4197.676,1681.766
Denmark,2018 Q4,50.20532609,8762.75,68050.1,39347.1,36344.9,44659.7,38989.6,126961,116507,40506,250972,1045617,1.1414,3909.446,3161.511
Denmark,2019 Q1,42.82855556,8893.12,64555.6,39215.1,36165.5,42990.1,39271.3,124649,114245,39624,238136,1013410,1.1358,3133.923,3447.576
Denmark,2019 Q2,36.76164835,7735.45,68075,41122,37926.2,45447.2,39348.4,123956,113273,40006,246943,1038871,1.1237,4203.167,2059.235
Denmark,2019 Q3,37.86891304,7727.84,67193,38900.9,35794.6,46752.5,39985.5,120240,109975,40055,251487,1015996,1.1119,4415.763,1543.282
Denmark,2019 Q4,38.6926087,8801.72,69603.1,40796,37545.9,46338.4,41040.9,127550,116737,41945,253142,1053397,1.1071,3574.046,2485.049
Denmark,2020 Q1,21.01615385,9105.99,66995.3,40328.5,37048.8,44638.7,39365.5,124038,113414,40752,234841,1008824,1.1027,4068.501,4218.213
Denmark,2020 Q2,20.08714286,7717.03,65451.6,41245.6,37853,40188.4,34614.4,116203,105643,39339,209191,967656,1.1014,4521.479,2212.685
Denmark,2020 Q3,33.59467391,7243.75,67775.7,39382,36121,42755.9,36866.3,113974,103661,40291,242027,997877,1.1689,5653.336,3146.279
Denmark,2020 Q4,30.29652174,8648.56,70631.5,41714.9,38277,43660.9,40613.3,123762,112794,42024,240232,1023885,1.1929,4648.022,3116.981
Estonia,2018 Q1,41.884,2545.2,5112.5,2843.6,2127.8,4451.5,4260.7,68174,60687,11407,74330,290714,1.2292,627,1180
Estonia,2018 Q2,42.08054945,2045.04,5632.8,3140.4,2367.3,5002,4714.8,65547,58563,12573,77114,301273,1.1915,744,1199
Estonia,2018 Q3,53.48152174,2011,5699,3105.2,2340.3,4851.2,4667.3,56970,50863,11755,74393,273947,1.1629,620,1334
Estonia,2018 Q4,50.65086957,2336.2,6114.1,3375.4,2548.3,4969.1,4923.7,65804,58198,15038,71839,294655,1.1414,1062,1236.7
Estonia,2019 Q1,47.72611111,2463,5574.6,3192.4,2405.1,4789.9,4499.7,64594,57988,14960,73468,294747,1.1358,810,760
Estonia,2019 Q2,42.64131868,1956.05,6107.6,3548.6,2675.1,5291,4960.2,59438,53613,14084,74932,297418,1.1237,1371,817
Estonia,2019 Q3,48.93554348,1862.9,6101.3,3298.2,2493.9,5298.2,4988.6,59967,53980,13420,70946,276264,1.1119,1330,643
Estonia,2019 Q4,44.1326087,2314.76,6336.5,3471.8,2627.7,5134.7,4950.6,65425,60113,13323,75143,298051,1.1071,1351,483
Estonia,2020 Q1,27.62472527,2407.44,5771.2,3361.1,2527.6,4781.2,4363.8,60028,54082,12642,65831,282285,1.1027,1914,695
Estonia,2020 Q2,28.77879121,1910.7,5655.4,3408,2554.4,4156,3809.5,56070,50622,13712,59207,262770,1.1014,1855,868
Estonia,2020 Q3,36.8525,1900.78,6123.6,3480.6,2616.3,4801.3,4750.8,56940,51708,13740,68051,269118,1.1689,1691,1188
Estonia,2020 Q4,41.38347826,2432.35,6565.5,3716.6,2784.9,5287.5,6079.7,60426,54453,13987,65977,282471,1.1929,1907,971
France,2018 Q1,43.82455556,137020.18,517905.1,300615.8,220159.3,184064.5,191748.6,1117100,1000300,360800,2491400,10540200,1.2292,4619.92,18432.032
France,2018 Q2,36.75076923,95948.73,522883.3,307302.6,225484.8,187229.6,194661.3,1125300,1007600,367100,2525300,10669600,1.1915,1249.754,22737.978
France,2018 Q3,57.23086957,92578.31,515872.9,300657.6,220043.9,181766.5,188012.4,1132500,1014500,369800,2555900,10744900,1.1629,2606.566,18827.956
France,2018 Q4,62.72315217,119000.62,545111.2,322956.5,237490.4,196430.5,198952.8,1138200,1020300,369800,2536200,10688100,1.1414,4349.855,16097.019
France,2019 Q1,47.22266667,131642.49,533632.9,304654.6,227744.6,193680.5,199706.4,1150700,1032000,369400,2546700,10713400,1.1358,4354.867,18005.763
France,2019 Q2,34.8743956,99130.9,542796.6,310119,232339.8,195882.1,201084.7,1162700,1042700,369500,2590200,10842500,1.1237,1620.437,20676.453
France,2019 Q3,35.53467391,92247.98,535481.9,303629.2,227322,186030.7,193269.2,1166000,1045800,370700,2611700,10897700,1.1119,2766.348,18857.958
France,2019 Q4,40.28228261,118574.19,557360.9,324467.3,244363.7,194505.6,199375.7,1160900,1039300,372800,2573400,10806300,1.1071,6115.205,15353.875
France,2020 Q1,29.41912088,125475.05,520750.7,299864.6,224922.8,172295.1,183551.8,1120000,998900,370500,2437600,10417400,1.1027,2969.695,20228.543
France,2020 Q2,18.00824176,86601.28,472902.2,274699.1,205263.3,131240.5,148913.9,910800,798200,329700,1760400,8714400,1.1014,2514.34,17920.528
France,2020 Q3,39.03695652,91052.41,522065.2,300586.2,224431.2,157585.6,171008.5,1106100,982200,368100,2455800,10515200,1.1689,7555.318,10045.231
France,2020 Q4,42.16782609,116851.98,553127.9,319940.4,239993.1,172289.8,179229.8,1108000,983900,372600,2203800,10232400,1.1929,5798.788,15858.794
Germany,2018 Q1,35.51244444,127858.2,740086,412892,339459,393772,331554,3072828,2842505,501051,3458047,15633588,1.2292,6561.672,22872.265
Germany,2018 Q2,35.97846154,117561.42,751329,432468,355710,401652,339896,2875770,2660198,467828,3249697,14749158,1.1915,9969.351,16137.842
Germany,2018 Q3,53.50836957,119700.6,759293,438725,362205,393557,355753,3066934,2837197,504578,3493192,15806772,1.1629,7438.134,18263.563
Germany,2018 Q4,52.58043478,123082.85,782028,487177,402654,403175,359733,3083591,2852493,514719,3509961,15755950,1.1414,7732.202,22913.657
Germany,2019 Q1,40.88566667,124530.61,765359,433361,354715,406484,351444,3125357,2890538,523731,3514412,15874214,1.1358,5959.267,23582.344
Germany,2019 Q2,35.79263736,114943.86,768852,453663,371614,401528,351801,2831281,2617434,481809,3223247,14648471,1.1237,12001.857,14458.865
Germany,2019 Q3,37.45032609,114411.28,791139,460203,378740,405497,359961,3093423,2858751,524284,3501136,15940994,1.1119,13973.662,14216.853
Germany,2019 Q4,36.59347826,119048.84,804367,506047,416474,407448,361414,3018553,2787957,525725,3477680,15663272,1.1071,8188.627,20534.067
Germany,2020 Q1,26.57065934,121553.07,782764,446070,365009,395216,345612,3053587,2817291,534238,3425141,15635242,1.1027,10322.379,20973.473
Germany,2020 Q2,20.26450549,102280.43,708513,438915,355226,310583,277571,2554437,2340636,471474,2797706,13463081,1.1014,15408.111,12642.222
Germany,2020 Q3,36.13326087,109599.7,785627,455914,373405,364623,314988,2812728,2584995,502805,3201975,14910221,1.1689,12534.422,13478.722
Germany,2020 Q4,38.7651087,117761.39,811059,507891,416593,394360,334955,2958667,2720738,530390,3225279,15240212,1.1929,9769.157,19820.125
Greece,2018 Q1,49.72033333,13942.67,35649.2,15468.5,11848.6,12909.8,17559.7,212947,179032,47954,800527,2246997,1.2292,2264.45,490.57
Greece,2018 Q2,55.82461538,12866.38,39181,17156.7,13192.5,17721.4,18519.4,218551,184902,51112,931041,2459609,1.1915,2136.66,301.77
Greece,2018 Q3,65.09108696,15528.97,41573.8,15862.7,12187.8,23127.9,18564.7,217425,183746,49640,1002540,2497286,1.1629,2476.89,612.3
Greece,2018 Q4,70.67326087,13656,39207,17411.8,13390.4,16255.7,19256.9,215985,183530,50794,898723,2416666,1.1414,1827.56,782.04
Greece,2019 Q1,68.00866667,14557.04,35898.6,15844.1,12184.3,13753.6,18500.8,215836,184854,53224,851122,2275370,1.1358,2593.383,502.092
Greece,2019 Q2,65.48307692,13255.95,40072.3,17756.2,13690.1,18555.8,19196.7,222035,189794,53704,970178,2479080,1.1237,2954.999,145.733
Greece,2019 Q3,62.39,15671.44,43160.7,16424.1,12686.9,24956.1,19397.4,219318,186385,49506,1009710,2457993,1.1119,2706.951,247.282
Greece,2019 Q4,59.49173913,13061.02,39716.9,17675.9,13662.5,16276.5,19498.8,221014,188522,47601,924266,2400338,1.1071,2811.306,227.922
Greece,2020 Q1,50.4121978,14290.44,35551.3,16022.5,12440.5,13459,18075.1,214259,182352,48105,792830,2152685,1.1027,3120.279,39.803
Greece,2020 Q2,32.29934066,11564.22,33811.6,16486.7,12788.9,11260,14448.3,188547,157631,42842,585593,1819634,1.1014,2304.432,134.307
Greece,2020 Q3,44.6051087,14897.35,38679.5,16032.1,12484.2,14906.9,16568.9,215988,183892,47855,970095,2427747,1.1689,2632,330.344
Greece,2020 Q4,52.96956522,12679.39,37045.3,17379.7,13513.2,13284.8,16544.7,203954,171804,50638,725711,2125944,1.1929,1771.526,462.558
Hungary,2018 Q1,39.383,10542.81,25495.2,14098.7,11877.9,27493.8,25797.7,425195,393652,66843,487616,2021430,1.2292,4776.2,791.99
Hungary,2018 Q2,41.80582418,9836.93,28357.8,14305.2,12076.8,29270.7,27198,424250,385527,66015,476897,2084114,1.1915,4699.208,551.229
Hungary,2018 Q3,58.06858696,10003.08,29158.2,13819.5,11650.5,27807.8,26919.8,423106,382627,65099,456774,2022340,1.1629,4232.949,1220.136
Hungary,2018 Q4,64.41793478,10358.2,31785.9,15165.4,12804.9,29380.3,28231,394923,359422,63131,444149,1939019,1.1414,4904.938,1701.715
Hungary,2019 Q1,54.30455556,10586.06,27561.2,14751.8,12513.8,29289.4,28159.8,434442,401065,68022,496537,2048895,1.1358,5547.238,1839.524
Hungary,2019 Q2,43.29054945,10085.74,30742.1,15241.2,12941,30132.7,28670.6,422439,382714,68804,482682,2076749,1.1237,5058.415,1419.957
Hungary,2019 Q3,56.4751087,10092.85,31546.8,14739.8,12566.7,30319.2,29579.8,427706,386661,69576,468597,2043846,1.1119,4701.314,1995.881
Hungary,2019 Q4,47.35173913,10434.33,33819.8,15884.2,13557.6,29758,29678.3,397019,360714,67423,454594,1950901,1.1071,4546.923,2013.178
Hungary,2020 Q1,40.8721978,10960.54,27882.2,14448.6,12493,28861.1,27892.7,412328,380203,72513,488565,2056504,1.1027,5451.405,2125.032
Hungary,2020 Q2,26.27494505,9208.92,26309,13718.8,11883,22040.8,22461.2,342988,307890,67306,387637,1802330,1.1014,4225.526,1790.077
Hungary,2020 Q3,39.94869565,10079.43,29586,13823.7,12011.7,27922.3,26601.6,390296,350914,72838,426335,1956867,1.1689,4394.659,1777.255
Hungary,2020 Q4,48.80815217,10947.82,32477.3,14978.4,13022,29692.7,28899,376689,341944,71537,426509,1910985,1.1929,5104.413,1805.841
Ireland,2018 Q1,56.05666667,7614.4,72973,22789.3,19100.7,91973.7,62860.7,132993,117805,57073,227370,958468,1.2292,382.809,346.09
Ireland,2018 Q2,54.87813187,6839.37,73112.7,23333.4,19506,98656.9,70602,137204,121627,56163,240778,1005042,1.1915,318.66,487.167
Ireland,2018 Q3,64.49315217,6730.38,80030.6,23498,19704.2,100916.6,72331.7,137123,122552,59881,241558,973575,1.1629,384.74,463.15
Ireland,2018 Q4,72.23565217,7523.68,80145,24203.4,20246.2,109506.1,102190.9,131201,116675,53622,246437,984596,1.1414,535.31,352.842
Ireland,2019 Q1,61.24666667,7573.48,79322.7,24903.1,20728,106896.1,76010.7,139829,123364,56946,241614,1010926,1.1358,603.101,381.883
Ireland,2019 Q2,46.71516484,6956.38,80298.9,25167.2,21043.3,110224.9,121871.9,138720,120319,57989,244940,1020397,1.1237,414.599,399.095
Ireland,2019 Q3,46.68228261,6704.87,87189.2,24867.1,20743.6,115276.1,82746.5,142188,126000,63123,241149,1000565,1.1119,556.559,221.94
Ireland,2019 Q4,46.20043478,7749.74,87768.2,26036.4,21813.8,123755.5,163003.9,133875,119129,59990,240231,1006609,1.1071,523.226,478.545
Ireland,2020 Q1,36.54824176,7525.29,89031.4,26472.4,22143.9,118474.2,142211.1,136345,121971,61228,227145,991299,1.1027,523.533,492.571
Ireland,2020 Q2,25.81450549,6170.96,79851.6,23303.3,19594.5,113429.2,78773.4,122885,109434,63103,140823,791856,1.1014,433.097,414.838
Ireland,2020 Q3,37.02804348,6573.26,95128.9,24586.3,20610.5,120948.7,80981.4,141205,124200,61097,215139,945317,1.1689,335.553,482.983
Ireland,2020 Q4,50.9173913,7456.62,88043.5,26950.9,22614.1,144277.5,124665.3,137818,124794,62409,192286,919802,1.1929,468.929,522.573
Italy,2018 Q1,54.178,81127,381935.7,160572.2,117703.2,130119.8,123946.6,1905551,1760891,279685,2969556,10804202,1.2292,14242,705
Italy,2018 Q2,53.3967033,77103,398941.6,178447,130783.3,142923.9,129124.6,1946378,1799981,284005,3113144,11248351,1.1915,11288,982
Italy,2018 Q3,68.75434783,84017,393473.7,165574.3,121200.2,139498.8,125304.8,1734271,1596294,269014,2980396,10553033,1.1629,10846,761
Italy,2018 Q4,68.55967391,79663,415225.2,202384.3,147914.3,142851.5,134441.7,1909392,1762618,282145,3043728,11016620,1.1414,10803,822
Italy,2019 Q1,59.43011111,80625,386402.6,166155.2,121256.7,132425.6,125624.4,1935249,1786670,280128,3004886,10921649,1.1358,11708,1273
Italy,2019 Q2,50.88428571,76972,402661.9,181547.9,132672.7,146529.3,129445.4,1940708,1791027,289466,3119052,11177871,1.1237,10293,1318
Italy,2019 Q3,51.05141304,84215,401308.5,168602.3,123269.2,143907,124699.8,1733449,1592971,271532,3012867,10609304,1.1119,10246,1728
Italy,2019 Q4,48.11771739,77787,420995.5,205217.3,149860.9,144922.4,128260.7,1864878,1716220,290715,2979157,10907460,1.1071,11739,1502
Italy,2020 Q1,39.57758242,77036,370423.1,161563.5,117520.5,124529.9,116434.1,1699960,1559993,272450,2589405,9891075,1.1027,13124,1797
Italy,2020 Q2,24.84549451,66650,343176.1,157191.7,114065.9,99651.6,90246.4,1475385,1340139,261436,2025703,8654072,1.1014,5689,3081
Italy,2020 Q3,42.29184783,81485,385958.6,163721,119328.8,128347.8,105313,1649641,1509011,261562,2596450,9879268,1.1689,8247,1607
Italy,2020 Q4,48.79967391,77657,403097,196981.4,143983.9,136411.4,117161.8,1765207,1617573,277463,2562516,10085775,1.1929,12726,1102
Latvia,2018 Q1,42.35033333,2024,5471.6,3162.3,2610.8,4081.4,4107.7,69235,58374,19106,112180,425869,1.2292,1010,1311
Latvia,2018 Q2,44.86967033,1699,6336.6,3531.9,2923,4624.2,4412.5,68885,58240,17789,114789,427873,1.1915,1218,1074
Latvia,2018 Q3,57.51413043,1726,6660.3,3473.9,2857.1,4477.6,4836.5,69052,58585,15506,118769,424674,1.1629,1436,918
Latvia,2018 Q4,54.62945652,1959,6838.9,3741.8,3071.5,4734.2,4754.5,68405,58688,16388,120866,429026,1.1414,1508,961
Latvia,2019 Q1,48.01188889,1975,5890.1,3459.7,2806.3,4352.2,4318.3,68444,58759,18508,108177,415435,1.1358,1164,945
Latvia,2019 Q2,44.14186813,1714,6719.7,3821.4,3145.7,4553.3,4647.7,66996,57035,17494,107889,411690,1.1237,1355,968
Latvia,2019 Q3,49.10717391,1705,7066.2,3725,3049.6,4742,4875.7,69164,58181,16406,116153,424863,1.1119,1226,956
Latvia,2019 Q4,43.86847826,1902,7047,3964.8,3256.2,4702.7,4710.8,67783,57936,15637,120862,422929,1.1071,867,625
Latvia,2020 Q1,27.60857143,1910,6144.6,3675.3,3020.6,4454.3,4499.3,65779,55771,18842,107301,406227,1.1027,915,912
Latvia,2020 Q2,28.84593407,1642,6234.9,3644.2,2999.9,3974.7,3835.7,61009,50462,15100,94883,368553,1.1014,980,639
Latvia,2020 Q3,38.37086957,1688,6945.4,3828.4,3126.2,4706.9,4708.3,64458,53844,15379,109344,410914,1.1689,1289,598
Latvia,2020 Q4,41.2425,1898,7111.7,3998.3,3281.5,5010.1,4809.6,63404,54496,16958,106947,395794,1.1929,989,397
Lithuania,2018 Q1,42.36388889,2929.33,9000.9,4767.7,3739.1,7717.2,7710.7,119424,104951,14822,170841,630474,1.2292,3341.544,824.938
Lithuania,2018 Q2,44.96450549,2626.31,10023.3,5119.9,4025.5,8407.5,8283.1,124760,108730,15094,176016,655353,1.1915,3164.641,1007.922
Lithuania,2018 Q3,57.54630435,2630.29,10959.1,5135.4,3985.1,8951,8552.6,124138,107621,16222,185346,653230,1.1629,2966.661,649.733
Lithuania,2018 Q4,54.89956522,2968.77,10944.9,5361.1,4188.1,9154.2,8856.9,123688,108191,16577,177399,662683,1.1414,3374.637,732.477
Lithuania,2019 Q1,47.84555556,2955.69,9700,5283.2,5105.9,8734.5,8262.2,122227,106725,17209,171635,642629,1.1358,3297.014,963.928
Lithuania,2019 Q2,44.08527473,2714.93,10812.5,5742.4,5551.8,9445.5,9016,121379,108288,16748,183385,661110,1.1237,3246.928,1001.582
Lithuania,2019 Q3,49.04608696,2638.84,11831.1,5645.2,5453.6,9779.3,9036.7,117491,103971,17972,185987,650876,1.1119,3303.339,959.068
Lithuania,2019 Q4,43.53663043,2992.17,11608.4,5986.2,5789.3,9858.8,8902.4,125416,109419,18207,182420,664227,1.1071,3420.673,999.708
Lithuania,2020 Q1,27.50956044,2827.76,10371.1,5826.7,5628.2,9157.8,8144.2,121135,105843,16272,167195,632071,1.1027,3364.558,1127.247
Lithuania,2020 Q2,28.7710989,2510.5,10469.1,5834.9,5638.7,7821.9,6788.3,113821,99483,18135,152445,586961,1.1014,2757.797,963.231
Lithuania,2020 Q3,38.17130435,2624.1,12121.6,5794.9,5592,9423.5,8152.5,114403,100992,18933,169267,625531,1.1689,2889.964,1166.713
Lithuania,2020 Q4,41.57152174,2947.08,11702.9,6371,6146.7,10053.2,8741.4,115569,101864,19866,165507,624198,1.1929,3001.039,847.699
Luxembourg,2018 Q1,35.5124444,1717,13033.5,6921.2,5974.3,28340.9,23795.9,15170,13385,7696,37417,165016,1.2292,2017.969,405.567
Luxembourg,2018 Q2,35.9784615,1567.06,13460,7209.4,6231.9,29260.3,24377.9,14946,13176,7495,36960,164671,1.1915,1919.662,401.703
Luxembourg,2018 Q3,53.5083696,1521.47,13484.9,7073.6,6103.8,29848,24630.3,15555,13697,7875,38592,170724,1.1629,1721.062,248.707
Luxembourg,2018 Q4,52.5804348,1639.95,14653.4,8504.5,7390.5,31291,26349.2,15308,13465,7905,38462,170547,1.1414,1894.319,335.697
Luxembourg,2019 Q1,40.8856667,1690.83,13217,7385.3,6419.1,30429,25937.4,15129,13296,7861,38277,169583,1.1358,1890.277,329.381
Luxembourg,2019 Q2,35.7926374,1572.17,14079.3,7680.6,6678.6,31504.6,26664,14809,13011,7635,37906,168230,1.1237,1665.29,195.588
Luxembourg,2019 Q3,37.4503261,1497.93,14000.8,7465.4,6485.9,32070.7,27066,15756,13810,8200,40549,178421,1.1119,1570.343,163.691
Luxembourg,2019 Q4,36.5934783,1586.21,15399.9,8820.1,7714.1,33438,28564.5,15320,13411,8049,39773,175601,1.1071,1691.611,250.06
Luxembourg,2020 Q1,26.5706593,1595.62,14164.1,7742.1,6734.1,31375.2,26056.1,14504,12648,7953,36672,167334,1.1027,1638.981,248.539
Luxembourg,2020 Q2,20.2645055,1391.27,14052.8,7383.1,6377.4,30245.5,24581.2,11827,10149,6801,26645,142094,1.1014,1513.351,259.975
Luxembourg,2020 Q3,36.1332609,1502,14583,7829.4,6809.2,32118.6,26939.2,15134,13108,8305,38505,178858,1.1689,1676.852,287.348
Luxembourg,2020 Q4,38.7651087,1609.07,16359.2,9324.4,8176.4,35575.9,29698.8,14740,12734,8311,36630,175777,1.1929,1714.311,282.749
Poland,2018 Q1,44.0312222,39113.83,104080.5,47271.7,41994.9,63361.6,60882.4,2060003,1802309,201044,1914856,8157445,1.2292,3545.711,1992.442
Poland,2018 Q2,49.1140659,36341.3,104891.4,48152.4,40343.5,65766.3,62029.9,1958276,1710843,214500,1879207,8122130,1.1915,3606.804,1321.768
Poland,2018 Q3,58.3551087,35808.4,106755.8,49974,40456.4,65101.6,62795.9,2051497,1793362,228688,1978276,8563058,1.1629,3294.891,2417.241
Poland,2018 Q4,56.9705435,38131.24,121180.4,51754.2,43293.3,68948,67252.2,1993074,1727387,196938,1867250,8000060,1.1414,3368.397,2389.85
Poland,2019 Q1,50.768,38928.54,109091.9,50144.4,44597.6,69278.7,64376.1,2076184,1799462,212313,1924511,8174104,1.1358,3941.503,2190.694
Poland,2019 Q2,55.6438462,36697.73,112891,51895.7,43783.2,70379.7,65659.6,1972464,1698730,221727,1846289,8031928,1.1237,4408.78,1568.093
Poland,2019 Q3,58.0388043,36362.77,115111.4,54332.4,44184.4,70174.6,65715.6,2042924,1747304,224739,1959184,8534279,1.1119,4639.76,1798.446
Poland,2019 Q4,49.3391304,38191.17,130987.4,56726,46957.4,73460.5,67824.7,1940618,1648649,209109,1895510,8004374,1.1071,4878.284,1688.119
Poland,2020 Q1,40.6431868,38239.04,116512.5,53680.8,48058.6,71426.6,65752,1952750,1669962,223633,1859220,8091535,1.1027,5429.986,2672.971
Poland,2020 Q2,40.0638462,33368.8,103617.3,50675.8,42514,58338.4,51099.9,1880797,1605208,213395,1755217,7814124,1.1014,5112.341,1333.411
Poland,2020 Q3,51.6444565,35854.15,115033.4,54856.9,44519.2,70755.6,63125.8,1987774,1687027,247468,1924764,8523854,1.1689,4986.555,1258.54
Poland,2020 Q4,54.1369565,38498.18,128252,56314.6,46796.1,78349.4,69195.1,1896774,1608607,224025,1811568,8059823,1.1929,5095.237,2092.153
Portugal,2018 Q1,48.58466667,12970,42155.5,20626.8,16086.4,20289,20765.2,388447,359716,48722,618216,2297632,1.2292,1631,2494
Portugal,2018 Q2,52.13153846,11552,44773.8,23002.7,17863.1,22866.9,22675.2,392029,362629,52027,648880,2365453,1.1915,1226,1885
Portugal,2018 Q3,65.74793478,11974,44835.7,22338.6,17405.2,24481.2,21901.5,355279,329234,47753,645378,2223057,1.1629,1050,2081
Portugal,2018 Q4,63.10413043,12246,45700.9,25665,19868.3,21506.6,22852.5,393335,364377,52809,658159,2377170,1.1414,1761,1866
Portugal,2019 Q1,55.56311111,12466,44354.4,21884,17037.6,21418.4,22240.6,390380,361909,54394,645755,2352318,1.1358,2480,829
Portugal,2019 Q2,48.85879121,11468.97,46785.7,24411.8,18975.4,23430.3,23451.2,383292,353883,52968,658990,2359962,1.1237,1918,880
Portugal,2019 Q3,46.23597826,11837.26,46844.6,23747,18468.9,25371.7,23027.9,353790,326541,51800,645422,2252847,1.1119,2114.912,754.77
Portugal,2019 Q4,40.98543478,12527.75,47551.5,27056.5,20954.6,23050.7,23582,393020,364971,56146,672258,2404737,1.1071,1585.706,2235.157
Portugal,2020 Q1,34.90285714,12489.37,44106.5,22547.1,17540.2,20874.8,22262,381751,351765,56371,609402,2283493,1.1027,1800.22,1921.85
Portugal,2020 Q2,23.25516484,10205.51,40170.7,23607.2,18392.4,14152.9,15728.4,304524,277257,54990,407242,1862114,1.1014,2426.441,814.6
Portugal,2020 Q3,37.50836957,11715.09,44721.9,23605.9,18367.9,19535.2,19578.5,347518,319994,55512,565284,2143070,1.1689,1969.117,1188.59
Portugal,2020 Q4,40.1725,12166.33,45769,27363.4,21197,19722.9,21015.9,377601,346896,59593,579582,2275796,1.1929,1356.986,2171.728
Romania,2018 Q1,34.86633333,15146,35054.6,18615.3,17448.2,20792.1,21679.4,869620,732069,82860,909153,3675972,1.2292,763,1964
Romania,2018 Q2,38.18263736,13013,42904.5,19853.2,18869.6,21438.9,22905.3,895512,763564,93587,943871,3977492,1.1915,896,1280
Romania,2018 Q3,50.17576087,13294,52177.4,19739.2,18768,21444.1,23230,895847,774874,86949,972298,3998830,1.1629,672,1603
Romania,2018 Q4,62.16630435,14725,56242.4,20126.8,19125.8,21929.9,24768.9,875934,754692,70237,937489,3785092,1.1414,1364,1392
Romania,2019 Q1,54.13766667,14765,38662.7,20812.6,19884.7,22028.2,24061.8,880689,751686,78882,922232,3740882,1.1358,1302,1039
Romania,2019 Q2,41.55835165,13225,46887.6,21868.3,20872.2,22515.8,24353.1,890901,758561,83238,957540,4009282,1.1237,688,1379
Romania,2019 Q3,58.70076087,13360,56023.3,21551.4,20586.5,22406.8,24904,879916,750142,83877,993908,4005765,1.1119,1669,470
Romania,2019 Q4,47.18206522,14040,61173,22312.5,21343.6,23162.4,25989.3,860364,738762,77564,975820,3840090,1.1071,1831,1086
Romania,2020 Q1,40.98241758,14322,41682.3,21669.3,20704.3,22039.8,24361.7,863629,736457,75822,945201,3735041,1.1027,2261,1768
Romania,2020 Q2,26.87494505,11556,42479,20950.2,19984.8,15831.4,17959.5,702859,578516,79203,830417,3449357,1.1014,1756,1117
Romania,2020 Q3,40.19945652,13218,53836.1,21587.8,20608.5,20736.5,22950.9,813420,679214,86753,985234,3893138,1.1689,1818,1212
Romania,2020 Q4,49.76619565,14389,61840.7,22745.5,21731.2,22701.1,25527.7,818845,696357,97441,1002228,3801866,1.1929,2382,1328
Slovakia,2018 Q1,38.21044444,7260,18296.8,8665,6547.9,20318.6,20003.7,251200,230117,31273,275742,1036895,1.2292,2524,1886
Slovakia,2018 Q2,38.84,6345,20167,9245.4,7042.2,21845.3,20928.3,256942,235217,32094,278137,1061500,1.1915,2690,1697
Slovakia,2018 Q3,57.13923913,6430,21392.8,9173.2,6991.8,20929.3,20485.9,240187,220077,29887,268698,992997,1.1629,3172,2359
Slovakia,2018 Q4,59.35934783,6962,20660.8,10260.6,7882.5,23039,23035.7,245806,225739,31021,272898,1031937,1.1414,4041,2804
Slovakia,2019 Q1,45.84822222,7320,19517.1,9324.6,7003.5,21862.5,21577,250898,229813,32326,271071,1040279,1.1358,3732,3369
Slovakia,2019 Q2,37.25582418,6566,21194.6,10113,7667.3,21661.4,21462.1,253332,232810,32472,272183,1054988,1.1237,2951,2624
Slovakia,2019 Q3,42.02695652,6517,22109.4,9852,7476.5,20718.9,20942.7,239786,220066,31206,272441,1006700,1.1119,3422,2881
Slovakia,2019 Q4,40.94130435,7041,21603.4,10938.8,8347.4,22546.4,22501.4,239954,219951,31690,275290,1035261,1.1071,3431,2963
Slovakia,2020 Q1,33.59340659,7183,19751.2,9893.7,7390.3,20531.5,20962.6,236076,215331,33954,252749,1000162,1.1027,4183,4037
Slovakia,2020 Q2,21.28186813,5784,19575.7,9826,7468.5,15775,15414.3,201808,182689,32208,215983,875818,1.1014,2648,2737
Slovakia,2020 Q3,37.56663043,6135,22406.7,9943.6,7562.3,20583.1,19436.1,220065,201152,30447,250061,944647,1.1689,2716,2690
Slovakia,2020 Q4,43.47282609,7054,22042.6,11340.2,8633.6,22590.2,22150.4,224677,206130,31853,237329,950664,1.1929,3738,3503
Slovenia,2018 Q1,41.12033333,3563.41,9170.9,5381.6,4602.8,9150.8,8298.3,96895,88172,12785,86143,414156,1.2292,2391.015,2491.47
Slovenia,2018 Q2,41.24824176,3341.86,10066.8,5968,5178.5,9805.7,8754.4,94686,86100,12337,84431,411578,1.1915,2464.897,2419.111
Slovenia,2018 Q3,58.78141304,3335.1,10316.7,5527.3,4736.5,9864.5,8714,85599,78137,11750,81007,383311,1.1629,1877.179,2075.93
Slovenia,2018 Q4,63.19380435,3408.9,10406.9,5941.4,5090.5,10078.7,9259.8,97309,88531,13185,90706,427300,1.1414,2197.147,2445.893
Slovenia,2019 Q1,52.77066667,3497.72,9811.5,5826,4983.3,9771.5,8823.3,97572,89009,13068,88633,421348,1.1358,2503.782,2295.123
Slovenia,2019 Q2,42.30934066,3309.88,10687.3,6541.7,5691.3,10461.5,9268.4,97628,89060,12922,88116,424763,1.1237,2318.268,2764.18
Slovenia,2019 Q3,53.69913043,3214.95,10953.7,5948.6,5095.4,10251.5,9238.5,88295,80728,12378,84743,396710,1.1119,2116.42,2197.934
Slovenia,2019 Q4,46.21923913,3383.67,10933.6,6265.4,5360,10137.4,9118,98412,89629,13687,92271,432192,1.1071,2082.803,2163.439
Slovenia,2020 Q1,39.64450549,3474.77,10120.8,6036.1,5161.5,9641.4,8557,95638,86849,13476,86589,417881,1.1027,2375.938,2007.353
Slovenia,2020 Q2,24.27406593,2890.59,9767.9,6545.5,5656,7869.9,6904,81395,73159,12191,69182,361595,1.1014,1549.404,2136.37
Slovenia,2020 Q3,39.49228261,3080.96,10795.3,6002.3,5133,9192.3,7944.2,85792,77854,13114,84868,399237,1.1689,1593.603,2484.326
Slovenia,2020 Q4,46.66619565,3310.82,10884.8,6629.2,5654.4,9850.6,8801.6,97631,88511,14256,75953,412805,1.1929,1601.006,2495.006
Spain,2018 Q1,48.141,63023.86,255993,127320,98370,97531,94099,986599,883877,222254,2564547,8392700,1.2292,6303.548,4379.649
Spain,2018 Q2,52.0706593,57991.2,275471,138223,108208,110388,98334,1024015,921504,230770,2744101,8827885,1.1915,6597.614,2483.007
Spain,2018 Q3,65.7655435,62683.63,268519,135068,104462,109119,97124,904263,809882,211058,2658366,7988012,1.1629,6545.71,2283.499
Spain,2018 Q4,62.9704348,59724.3,289437,145107,114318,106059,100853,966271,863568,231285,2637285,8419766,1.1414,4571.033,3769.635
Spain,2019 Q1,54.9694444,61216.65,267000,135733,104133,100372,97618,1005548,901690,227458,2671336,8705886,1.1358,6067.834,3417.527
Spain,2019 Q2,48.65,57421.03,286568,147725,115051,112926,98752,1022700,916520,238362,2760573,8845221,1.1237,4514.215,2138.419
Spain,2019 Q3,46.2268478,61648.51,277191,142720,109817,112496,100212,939040,841113,216168,2655954,8013365,1.1119,3765.984,2662.117
Spain,2019 Q4,41.0376087,59249.12,298860,153224,119268,108976,101571,1008612,899920,233466,2691127,8541875,1.1071,4372.807,3640.452
Spain,2020 Q1,34.8704396,59398.19,258317,139659,107545,95406,92488,993205,887004,233842,2463935,8232314,1.1027,5859.419,2847.483
Spain,2020 Q2,23.1712088,49321.44,231330,129901,99391,69112,65104,839882,740914,227395,1599271,6572214,1.1014,4455.741,3270.733
Spain,2020 Q3,37.546413,59367.89,255574,137288,104199,85798,81051,889627,789528,207078,2310951,7420742,1.1689,3085.547,4401.687
Spain,2020 Q4,40.141413,57586.82,274844,148827,113559,94024,89411,965955,859850,238031,2270582,8008475,1.1929,4527.657,4128.877
Sweden,2018 Q1,39.06811111,40092.02,103374.9,55649.5,46139.9,52062.2,49522.1,290450,260840,78970,416780,2092690,1.2292,3867.923,7048.719
Sweden,2018 Q2,38.87846154,28513.14,106876.2,57162.4,47594.6,53477.4,51046.9,282430,253800,80060,432200,2168960,1.1915,1839.824,8352.714
Sweden,2018 Q3,52.32652174,26351.85,97936.5,56059.7,46675.4,51528.3,49288.5,224310,198290,68170,407300,1754770,1.1629,3283.885,6177.704
Sweden,2018 Q4,48.77597826,35217.44,109007.9,56336.1,46869.6,57941.5,54630.9,278500,247260,78540,454460,2163570,1.1414,3209.828,7845.617
Sweden,2019 Q1,46.45622222,37860.28,104084.7,55566.4,46127.9,55783.7,51240.5,292420,262290,82250,420460,2115840,1.1358,2894.593,8292.03
Sweden,2019 Q2,33.28252747,28415.07,108277.3,57679,48119.5,58501.8,52312.9,278080,249510,79500,419420,2127570,1.1237,1037.497,9345.092
Sweden,2019 Q3,35.90630435,26375.91,101328.6,56720.5,47288.3,55460.8,50687.9,230580,202990,71460,413030,1779970,1.1119,2875.984,8637.566
Sweden,2019 Q4,38.63347826,34873.25,109833.8,56182.4,46821.1,58242.2,53796.1,274790,242450,85020,442250,2132910,1.1071,2262.336,8956.268
Sweden,2020 Q1,18.39307692,36301.62,104666.4,56143.7,46671,55069,49496.1,287060,256160,84610,411000,2096750,1.1027,1692.718,10501.541
Sweden,2020 Q2,14.18615385,28299.04,101944.6,57397.1,47627.5,46704.9,42691.4,256390,226750,80270,365600,2020540,1.1014,2743.971,8088.634
Sweden,2020 Q3,25.33141304,25477.59,104099.5,58302.1,48400.9,49752.2,45162.4,213490,185070,71590,373340,1696900,1.1689,4139.724,8905.774
Sweden,2020 Q4,24.97652174,32809.22,115997.8,58969.6,49012.5,59278.6,51863.7,268220,235320,85550,409660,2081070,1.1929,3250.518,9327.947